path,size_bytes,sha256
.Rprofile,26,3f9d62fc3f1bf5888a09816101b705f9844ef4cd44ee5ad157f4168dac4af4d4
.gitattributes,350,6c8c35622733fdb8d43a8567caa324e367dca1b1444c5a9b00a9bee522d9b7e6
.github/workflows/static-checks.yml,546,a5682735da9413d143bc3ab77c7fe51ae66e0f06995a833b681aad009a7cdd8a
.gitignore,176,de139d73578a8584d9cf4e0c4bcb9dfc1445dfdb945ce733cf27c373da777c58
CITATION.cff,721,34d47289deb58292dae9eb3afb64b385ab471cde737205196dd4cd09bd2538ac
DATA_AVAILABILITY.md,732,0aa5566574506ac53a3a95a9e646cc1e2212a1148487aa3b286075f92ee138a4
GITHUB_AND_ZENODO_SETUP.md,1703,00149e8f8441d2766b0799a1b50d89492ab22ea8ec3182954a88b217f2f618a2
LICENSE,1068,2f2b4b177a2b71d2d4429300022daa0f7ed39eabad79b1247ad6145afd3bb500
NOTICE.md,298,74fb70195c9d9662d4cbd4ce84f286203007b23179e747e224bb08453d020ecd
PACKAGING_AUDIT.json,2191,9329f989e8f0f9886773a4fafc335129a0a37a868b75fa84674a286a671a214c
PACKAGING_AUDIT.md,1492,2b710b741bafc58c870dea7cf6c184ad13902166cc93f85e61e30c3fe5f772c9
PUBLIC_RELEASE_FILE_POLICY.md,590,29e2bdc5acc992532ec21181a65e7bfd89af949e5b2abda91aac36e47a92cfa7
README.md,4715,3ee22e88e07d45526d6dbf7ff2211c8831a87e9bc417fb05edf0939655dd58c4
RELEASE_CHECKLIST.md,1858,0d3446dd9db258cc9c527c9d808b3c1e0c631aea2c821593694b50ae134b28f8
REPRODUCIBILITY.md,4088,a496a4a54d1e72fdee40155a1551f35bdbef201d0206defcdea6289e2e42c517
VERSION,11,8e3ccfbe492191dbb919be7b4ef3d93bd88f92b1d99532b25ba19c5ad9f1f722
config.R,21160,688092d1982bed7d2b428c050be6c8500f5a179f8ea2b396e586ec2977568f96
data/.gitkeep,0,e3b0c44298fc1c149afbf4c8996fb92427ae41e4649b934ca495991b7852b855
data/EXPECTED_DATA_MD5.txt,46,3fd91996cc97a334b0da462cb99aee6d3a54c6a710b73ee24cbf287f8f9898ad
data/README.md,829,3cdd57923cbe1b0ee482193f22d0d2661af2b8310f5cce3b99af06184109d507
fred_md_forecasting.Rproj,190,826f654e0d0eee1ede4be6707d554e549d37d39cead057600e57ab3e11acccb4
functions/core/func-backtest.R,11294,cb86537eff5e827e199eaba855046a3d8fc4615752b2ee49a81faba2b118e7df
functions/core/func-boruta-validation.R,24809,acc726d3996eea1db02813140af65400deb5264d13498b2c86e052376cce80a7
functions/core/func-design-matrix.R,5392,197e9ab2d9e84587049b8852c2cfe88edb56de0518eabc17f2997b6534ed95f1
functions/core/func-ensemble.R,7998,db24280b901f0cad9c1f9c4ee935747cb6b82cae001857af906595f28dcfaa51
functions/core/func-evaluation.R,3917,d83096cd95a5a29672de287a6e8ef736a03830ac453e5906199c9c24d882aa69
functions/core/func-forward.R,49458,8b14d33b90680ec8886443527b2bac53355a7579525f07492ca465f2aedaad71
functions/core/func-missing-data.R,15642,c1f4fe60d956d48d586c62d9af7a9a48ca37713e9b882eca0cac014b4f2d79f9
functions/core/func-pca-em.R,4517,e8430e95cca84d54496e3d79980832a563ae81f39732cb0a7154a2f09d267232
functions/core/func-results.R,5683,3747323ce28d1060a7b828ac3559602ce0d4ce4872793c35e39defd4640bc6a8
functions/core/func-rolling.R,7884,3f306a5b323cc3004ace4492de857c4b224da751beadf5962de3e3d97030cd3a
functions/core/func-statistical-validation.R,42707,d2784a98ba3f98c8093a4a6c3f017483affbe21b8600e36aed767a66d11088fd
functions/core/func-target-processing.R,8971,8f6b7be1fb006c2e7ba7eb9e97042f122f7aee86c6c6a8af7048ec0ed7380335
functions/core/func-utils.R,3000,3fcd70895dcf1247e91531392f6d6c5c964292aaf2d9cb1424e076a6a8ca60f2
functions/experiments/func-experiment-runner.R,16339,33cdfb0d359c9472f8d07a23fd150ca686d8c32bc7fadaa49dc7c0bb4b44d68a
functions/experiments/func-run-manifest.R,22723,4f68479dcaf92f5dca95c22c45901d05d63890aca6ae32f4d255332dad87ad42
functions/experiments/func-ssrn-analysis.R,26117,1b15f4bc9d04e4a548ba7cabed235a70278b4e0f9287466a9c2bb27d199613d4
functions/experiments/func-ssrn-release.R,22185,fa83b41dab45d2508b2b72a35071beff72bb1160d3b39264baf8da9a31a3951c
functions/models/func-ar.R,1819,3ce600eb4cd58a58548c7c7c31b98ae137098bcd8812c48b5735935506008643
functions/models/func-boruta-rf.R,6807,4a0ec1d5ed68f253305ffbf16f529ca37f9e5d79ef6589e8aad34420b648e61f
functions/models/func-factor.R,2413,93fdb027db193f3d3bb32af7c409481444fd08447b02e763564312ef37dbd7f7
functions/models/func-glmnet.R,4308,0ea1dba54701871fa8ee27fc1e039f43d8c55e747f7569b36a4acc34523d5844
functions/models/func-rf.R,2137,0e07d408f5e01ceb58dc1f5c4d3d39f1da6413f92470625b94b2c6bd4f50e344
functions/models/func-rw.R,716,9c0dfca822b2f65bb3ec0637e0e0f204932a64e7bd75fa4daa7f59a490a39041
functions/models/func-xgboost.R,7753,b9c1267be6525441490eb65ba8aa73276661d448a72fb9f213e8a3d2c44341bb
functions/registry/model-registry.R,6391,666f34e047ea13a7959f963f34d871667bae90e134ef17af1aa901002c2badd9
functions/registry/target-registry.R,16483,0b84b0a1af288e8bb931ffb0d27bb68ba923867c00ed1854c94fbcae407a2077
functions/source-all.R,1740,ce9b0c5f132bb6eff2cefe7454062ad48a511a3d9c6c1a9645927d30e308ec9f
main.R,63066,9bca59e973a88ba11d01da470688409977cdfb273fa70a0f6cceac4c2bfb4dac
paper/Beyond_Average_Accuracy_Preprint_v0.10.5.pdf,1425876,b38f290a4076547efc7c66d414b613adff35ef8fbca37bd9e542251e2461acd0
renv.lock,108882,dd126b50814c0b2aa11daa0e6ed6fe11ba1be6a589e04f00925ce2f5a4afb9be
renv/.gitignore,56,2c31e978189a98022566bd6084936f5608222b2bb9230b8d189b5a1c97a2c2da
renv/activate.R,39946,51798a35c2772b94b4a73ae7a7cc928975ff6e628a17bad1bc73d30defca82e6
renv/settings.json,466,380cca0841ba78adb09c86db2566115ad3f45dc84e82fcc3a56ff86aa0c6a2c7
results/frozen_runs/CPIAUCSL/CPIAUCSL_20260721_234514_FULL_644/manifest.csv,1163,90466fa74e48c04e194129b6bf379286dfd2c6597d4d0660325f1eb457da6afe
results/frozen_runs/CPIAUCSL/CPIAUCSL_20260721_234514_FULL_644/results/boruta_audit_summary.csv,2509,9623d54a3dbf362a041924b09804382c33b68262a9e7ffcdf2960debb6100f0f
results/frozen_runs/CPIAUCSL/CPIAUCSL_20260721_234514_FULL_644/results/boruta_feature_stability.csv,177725,49301306dcc0b032aaffb7caa3f57c847bf1b90db3a4f2d01aecd915d4fa3db4
results/frozen_runs/CPIAUCSL/CPIAUCSL_20260721_234514_FULL_644/results/boruta_final_selection.csv,158513,456775164a911d5093a4c983bdfeb1a14421e385897236e90abc6a883b2d9931
results/frozen_runs/CPIAUCSL/CPIAUCSL_20260721_234514_FULL_644/results/boruta_predictive_comparison.csv,3917,751119d5fc6d24b3514e94a232ecef4b481c8956adaf233cc29430787d481553
results/frozen_runs/CPIAUCSL/CPIAUCSL_20260721_234514_FULL_644/results/boruta_selection_history.csv,1460132,e9873dde05e80fed113079abd9684f292c7bc48d97d33ea98ad55666d9a22ff2
results/frozen_runs/CPIAUCSL/CPIAUCSL_20260721_234514_FULL_644/results/boruta_stability_summary.csv,2053,77b50a692ba2c3ed5af45c13bfa2ea8d63793950131388052d494397132b74d6
results/frozen_runs/CPIAUCSL/CPIAUCSL_20260721_234514_FULL_644/results/cumulative_backtest_accuracy.csv,14311,a134382953e31d7245df01825966474487faa963094f6d77de2fdb93a65a65b7
results/frozen_runs/CPIAUCSL/CPIAUCSL_20260721_234514_FULL_644/results/cumulative_backtest_results.csv,2153821,1a890b97f46f96d759dfa7fe832de17e7bbbf2e16fae3c346b2d7ff7f0a50d3b
results/frozen_runs/CPIAUCSL/CPIAUCSL_20260721_234514_FULL_644/results/cumulative_ensemble_weights.csv,565134,840a529e50cbf3f9e69c6dc75e1915886ef168e5a7b05a5850db8707c6f63094
results/frozen_runs/CPIAUCSL/CPIAUCSL_20260721_234514_FULL_644/results/cumulative_model_rankings.csv,23240,b0151df6e5958923f83cc38b0545cbf6133195111256ca8f5f01ba97caa3421e
results/frozen_runs/CPIAUCSL/CPIAUCSL_20260721_234514_FULL_644/results/cumulative_relative_accuracy.csv,22843,755f3a25cde0c65766b7eea5218eab031e39301504a61b5e17536fb67e42289a
results/frozen_runs/CPIAUCSL/CPIAUCSL_20260721_234514_FULL_644/results/cumulative_rolling_index.csv,44273,4a81e053ad2214ecd3cec108a265d1537b105952aa7395fd4b2d1c5f885e0fed
results/frozen_runs/CPIAUCSL/CPIAUCSL_20260721_234514_FULL_644/results/dm_test_results.csv,55794,1f4d297a1bb74e1eac284b9ef1fbb732823080814d9bf64fdfa7fadefb367c18
results/frozen_runs/CPIAUCSL/CPIAUCSL_20260721_234514_FULL_644/results/ensemble_weights.csv,564882,4c55a6a7e7954600b899e762afe3e5c547442c01d01759c928ffa4e5b29b2fce
results/frozen_runs/CPIAUCSL/CPIAUCSL_20260721_234514_FULL_644/results/excluded_variable_summary.csv,329,aa45d0dccb1ee40356f1205178756fe03bd8ca45d027a4afe0758b4949ef71a1
results/frozen_runs/CPIAUCSL/CPIAUCSL_20260721_234514_FULL_644/results/forecast_accuracy.csv,5296,dd69c0147127ef00256c97bf5a3315e3e893799b0d6bb141d926bbe618585771
results/frozen_runs/CPIAUCSL/CPIAUCSL_20260721_234514_FULL_644/results/forecast_results.csv,1294520,7495b975deeeae0a9a8cc7df092c856bf5fc31fe2e3e757b803a01505127ee42
results/frozen_runs/CPIAUCSL/CPIAUCSL_20260721_234514_FULL_644/results/forward_best_models.csv,3120,2dc07dc4076a9c9cc93e1d5ca997d0c3083ce5e285b028c9e40f393e69df0f9f
results/frozen_runs/CPIAUCSL/CPIAUCSL_20260721_234514_FULL_644/results/forward_ensemble_weights.csv,7252,e60bbd819d30fa34e502d6c16925ccbc9b9b0468161975a691565fb0fe58ca0b
results/frozen_runs/CPIAUCSL/CPIAUCSL_20260721_234514_FULL_644/results/forward_forecasts.csv,25684,25589e10d977726470d60a46f6c3f5e990fef0eecb8f33079f6a302b04af0756
results/frozen_runs/CPIAUCSL/CPIAUCSL_20260721_234514_FULL_644/results/gw_test_results.csv,51816,0779e411deff79e804699ae04b2885fea7288ec5101317ba4a646630a04d5444
results/frozen_runs/CPIAUCSL/CPIAUCSL_20260721_234514_FULL_644/results/mcs_audit.csv,57704,2b6ce2b4fa26b0b4232d3776fea56006726388557e9063438e51910170f73133
results/frozen_runs/CPIAUCSL/CPIAUCSL_20260721_234514_FULL_644/results/mcs_audit_summary.csv,1874,a89e3b52ab47366b5373031e1284713a4b70d135f9258150ba3caf26d08576f2
results/frozen_runs/CPIAUCSL/CPIAUCSL_20260721_234514_FULL_644/results/metadata_change_summary.csv,39,3854ea9338743e7516ea8a6edf192e8cff02dddfd6fb7980314543da7125aadd
results/frozen_runs/CPIAUCSL/CPIAUCSL_20260721_234514_FULL_644/results/model_confidence_set.csv,47518,482b279811afc353f87266b4479ed6551611a8eec7ca5b9c59f2e834d2711a90
results/frozen_runs/CPIAUCSL/CPIAUCSL_20260721_234514_FULL_644/results/model_confidence_set_summary.csv,3688,e0d77c521a83b499fe17122097a40c7a804ff161a879b4a424c380e3b25ef848
results/frozen_runs/CPIAUCSL/CPIAUCSL_20260721_234514_FULL_644/results/model_rankings.csv,9099,b51efb4224de28480b653bc520dd0392402dd6ef5b6c2541ee2af75edcc226f5
results/frozen_runs/CPIAUCSL/CPIAUCSL_20260721_234514_FULL_644/results/model_registry.csv,507,bf8b82c77d6e1d9c482dae49d450be69fb832de0dd29e789ff3e67072639591f
results/frozen_runs/CPIAUCSL/CPIAUCSL_20260721_234514_FULL_644/results/obsolete_variable_metadata.csv,44,3a1cc923b28f975bd19dce80a3fc90bd8cec6c6b616d4d576666600a5a104e03
results/frozen_runs/CPIAUCSL/CPIAUCSL_20260721_234514_FULL_644/results/pca_em_test_summary.csv,216,740b7487b34b7036f9401ae634d7a34e80238b5a3a24d17968fce6df42a11472
results/frozen_runs/CPIAUCSL/CPIAUCSL_20260721_234514_FULL_644/results/processing_summary.csv,1810,1f52ace42ea3c2a8813caa98f0df116e8ffa722d6a2498d7cc1d49dd1f0c4ca7
results/frozen_runs/CPIAUCSL/CPIAUCSL_20260721_234514_FULL_644/results/relative_accuracy.csv,8860,211e98206435fc2694ffe46a53e9ba24842cd6c05bcd3371fbe83567e92cca55
results/frozen_runs/CPIAUCSL/CPIAUCSL_20260721_234514_FULL_644/results/rolling_index.csv,28253,73c1feb17937d2e4671a59654cfda8f8017658d75a023393a1f2028c674b39e8
results/frozen_runs/CPIAUCSL/CPIAUCSL_20260721_234514_FULL_644/results/rolling_window_test_summary.csv,383,8774963f0d67df5c34a9d6673a6fb4be0c735ebddd911218661783041e0d36c0
results/frozen_runs/CPIAUCSL/CPIAUCSL_20260721_234514_FULL_644/results/target_imputation_summary.csv,153,6da31351f0345689147d5c4bca250900da27c6bd3b91e72b96215262c6e71d4f
results/frozen_runs/CPIAUCSL/CPIAUCSL_20260721_234514_FULL_644/results/training_design_summary.csv,130,ce6f6c3647c1f0f9df036b0b4206da7a6ea0bfbb9076162cc025a7817484ec4b
results/frozen_runs/CPIAUCSL/CPIAUCSL_20260721_234514_FULL_644/results/variable_selection.csv,19828,689d9fcbb7a765c8c6178b24a13dd212ce32136a3350c46ced6803cc3608ba0d
results/frozen_runs/CPIAUCSL/CPIAUCSL_20260721_234514_FULL_644/session_info.txt,1636,e736feff9712336c8b7177a093603572cc7c1d57216abfcdf0e5fedb569fa334
results/frozen_runs/CPIAUCSL/CPIAUCSL_20260721_234514_FULL_644/validation_summary.csv,328,c8e4b2f207657d4be356ada1d7481252c3b0732f830705dd05bd84512309bb3c
results/frozen_runs/INDPRO/INDPRO_20260722_082341_FULL_529/manifest.csv,1142,2164dcf1d8d6eb4e015294de1350a11abcc431e2ead31d5824464d4ed2c530a9
results/frozen_runs/INDPRO/INDPRO_20260722_082341_FULL_529/results/boruta_audit_summary.csv,2421,4816c82180b8a439fe421372197dbef431333496954485c64215ff940e55352a
results/frozen_runs/INDPRO/INDPRO_20260722_082341_FULL_529/results/boruta_feature_stability.csv,136665,9ecdd17b8bba84cf7b0e771e4cd87cccf62448165deceb64c614ad501cb17dbf
results/frozen_runs/INDPRO/INDPRO_20260722_082341_FULL_529/results/boruta_final_selection.csv,94979,94ace86caed59324971ffea5698cd4385cda569541d7145701a657e3e411a997
results/frozen_runs/INDPRO/INDPRO_20260722_082341_FULL_529/results/boruta_predictive_comparison.csv,3760,9f41d0d0515004942c117f2312502c5a1fe7b4d12e2956b81dfcd77ea99ce556
results/frozen_runs/INDPRO/INDPRO_20260722_082341_FULL_529/results/boruta_selection_history.csv,1071787,649216ba597e4e8cdf6e58ca9cb43e71023ecb3cd29b260894c4b3b3496f1724
results/frozen_runs/INDPRO/INDPRO_20260722_082341_FULL_529/results/boruta_stability_summary.csv,1926,410cdddaf89d2cc9ab9525eba9920810a5707fd45bdaddff8a31a5202a37a293
results/frozen_runs/INDPRO/INDPRO_20260722_082341_FULL_529/results/cumulative_backtest_accuracy.csv,14404,0dbdee2a442726405efd77e0dd4aacbe1b64bc41ba2da4f7f107591c4dd2fb91
results/frozen_runs/INDPRO/INDPRO_20260722_082341_FULL_529/results/cumulative_backtest_results.csv,2139065,6f679137995c3b2caa07755f955cdb04464f04b9430b384a597eaf9622890874
results/frozen_runs/INDPRO/INDPRO_20260722_082341_FULL_529/results/cumulative_ensemble_weights.csv,565244,f03c86b7f195aa02b50adfe3191584d4e3c446cbd727b8cba674c339252fda2a
results/frozen_runs/INDPRO/INDPRO_20260722_082341_FULL_529/results/cumulative_model_rankings.csv,22928,b4524dea2f0be0d89fce6dd8d556d348a7aea542395d892ff845bf8ec86218a7
results/frozen_runs/INDPRO/INDPRO_20260722_082341_FULL_529/results/cumulative_relative_accuracy.csv,22531,bd0c692fafa31ca5467a41bc3b89833e9fa63a960e667674a75a704ffa8cf3a0
results/frozen_runs/INDPRO/INDPRO_20260722_082341_FULL_529/results/cumulative_rolling_index.csv,45000,075808ce31d3eb15334f1bc1c1f90c651c361ad4f926302cafaebb148e2cabc6
results/frozen_runs/INDPRO/INDPRO_20260722_082341_FULL_529/results/dm_test_results.csv,53171,569ab1d9db6dd73feb05a77a459134f60fdea08be1cf42b90a54ae636eec06bc
results/frozen_runs/INDPRO/INDPRO_20260722_082341_FULL_529/results/ensemble_weights.csv,565121,5f5c5346e91639cd9d2833bde5b1aced026b53402500ee0ff0de7cae2aaefe6a
results/frozen_runs/INDPRO/INDPRO_20260722_082341_FULL_529/results/excluded_variable_summary.csv,329,aa45d0dccb1ee40356f1205178756fe03bd8ca45d027a4afe0758b4949ef71a1
results/frozen_runs/INDPRO/INDPRO_20260722_082341_FULL_529/results/forecast_accuracy.csv,5321,9a5bf1ca037bb9dc95ef2245e3b6bfb7fdc258fb1ce652553b50d1e6a1b12444
results/frozen_runs/INDPRO/INDPRO_20260722_082341_FULL_529/results/forecast_results.csv,1258809,4e377853287216cf9ec68c876aa9533a509d1f8345dc2fe2091ae105f0212099
results/frozen_runs/INDPRO/INDPRO_20260722_082341_FULL_529/results/forward_best_models.csv,2432,99a932cb3e9265252a22482b5a3e81b243f343485acda813755b2f0c7ad706c2
results/frozen_runs/INDPRO/INDPRO_20260722_082341_FULL_529/results/forward_ensemble_weights.csv,7257,9e7db4c600561754a279e07374ba2b90697e65f08d3c1c59454852e4805ec2c9
results/frozen_runs/INDPRO/INDPRO_20260722_082341_FULL_529/results/forward_forecasts.csv,25354,66a18c98bfe1225c5bc87ae4db27fbf812a3950e3847e8149ae5413468a36072
results/frozen_runs/INDPRO/INDPRO_20260722_082341_FULL_529/results/gw_test_results.csv,51338,30c03e67120cb3388cb6fe75ddaf8b1ecbb5db7a56f400efc22dffcad6b61d21
results/frozen_runs/INDPRO/INDPRO_20260722_082341_FULL_529/results/mcs_audit.csv,56998,aaf1bbe1d71650721e00523519076b80b0d7274298fb4fe7e1010bce8bfc41ac
results/frozen_runs/INDPRO/INDPRO_20260722_082341_FULL_529/results/mcs_audit_summary.csv,1826,922dc5ea9a250fcab4485ca04562770d60af43cb9744e076cc5d2bc092dafecc
results/frozen_runs/INDPRO/INDPRO_20260722_082341_FULL_529/results/metadata_change_summary.csv,39,3854ea9338743e7516ea8a6edf192e8cff02dddfd6fb7980314543da7125aadd
results/frozen_runs/INDPRO/INDPRO_20260722_082341_FULL_529/results/model_confidence_set.csv,47045,1f840dee1bea3fb7255eebb202e0e9d76605801fb6ca30592e3bed74b52c5df1
results/frozen_runs/INDPRO/INDPRO_20260722_082341_FULL_529/results/model_confidence_set_summary.csv,3646,123dc3cddbff5826f36082d49ace15a1885f64fb825f02e82faa31689c63c70d
results/frozen_runs/INDPRO/INDPRO_20260722_082341_FULL_529/results/model_rankings.csv,9035,12b287362ac90237f13948d2f7a999591afc0fadf8f25ebd612e33e25d64f737
results/frozen_runs/INDPRO/INDPRO_20260722_082341_FULL_529/results/model_registry.csv,507,bf8b82c77d6e1d9c482dae49d450be69fb832de0dd29e789ff3e67072639591f
results/frozen_runs/INDPRO/INDPRO_20260722_082341_FULL_529/results/obsolete_variable_metadata.csv,44,3a1cc923b28f975bd19dce80a3fc90bd8cec6c6b616d4d576666600a5a104e03
results/frozen_runs/INDPRO/INDPRO_20260722_082341_FULL_529/results/pca_em_test_summary.csv,216,740b7487b34b7036f9401ae634d7a34e80238b5a3a24d17968fce6df42a11472
results/frozen_runs/INDPRO/INDPRO_20260722_082341_FULL_529/results/processing_summary.csv,1800,6bff8a998a800a7711532a6fe11bfb17c8bf02d73a3cde469f8fc0ed404195d6
results/frozen_runs/INDPRO/INDPRO_20260722_082341_FULL_529/results/relative_accuracy.csv,8796,dc970bac048d1d0829af2c3ac6da6388c24c44d9af2517bbb135d638e54b8a00
results/frozen_runs/INDPRO/INDPRO_20260722_082341_FULL_529/results/rolling_index.csv,28405,7f682ce753d0946f43352adb61a8b79ded4583ef02beb132bf3021ff90be4696
results/frozen_runs/INDPRO/INDPRO_20260722_082341_FULL_529/results/rolling_window_test_summary.csv,383,6768da2f92d47e24d1e51619ba6506fa6201c3a8b43d028262361196dead59b2
results/frozen_runs/INDPRO/INDPRO_20260722_082341_FULL_529/results/target_imputation_summary.csv,64,55122fa3abeca77627b2d0a4ddce639151855896c44e360fefe4fc2bda4c787d
results/frozen_runs/INDPRO/INDPRO_20260722_082341_FULL_529/results/training_design_summary.csv,130,ce6f6c3647c1f0f9df036b0b4206da7a6ea0bfbb9076162cc025a7817484ec4b
results/frozen_runs/INDPRO/INDPRO_20260722_082341_FULL_529/results/variable_selection.csv,19828,6bf49859e992692e22eab9b884a92ad7db6646bc04e2f802929b6fd832ce4292
results/frozen_runs/INDPRO/INDPRO_20260722_082341_FULL_529/session_info.txt,1636,e736feff9712336c8b7177a093603572cc7c1d57216abfcdf0e5fedb569fa334
results/frozen_runs/INDPRO/INDPRO_20260722_082341_FULL_529/validation_summary.csv,326,795f439e887debcd640612557ad184ca1ca307550bd05984d6ad0df02ffc8386
results/frozen_runs/PCEPI/PCEPI_20260722_010003_FULL_507/manifest.csv,1152,92dc00cd5a1c814d00d1f7ed0a494dbd7be327f4bcf3856fd188d04d40dc629b
results/frozen_runs/PCEPI/PCEPI_20260722_010003_FULL_507/results/boruta_audit_summary.csv,2617,1532eefecd5caf618150b966150d9c91fba874399b210f079b821f97ca048e6c
results/frozen_runs/PCEPI/PCEPI_20260722_010003_FULL_507/results/boruta_feature_stability.csv,196133,fa4b2dee5555fddaecf46bfe5aa07b7ccd5b7806aae1307c40c34152178ee588
results/frozen_runs/PCEPI/PCEPI_20260722_010003_FULL_507/results/boruta_final_selection.csv,184510,6263a219dcc3b7c4bee9ec769ac716bdc5b707bf05ae24b5ab899b5bcd00707e
results/frozen_runs/PCEPI/PCEPI_20260722_010003_FULL_507/results/boruta_predictive_comparison.csv,4103,f9a07d72067ea20d0a99b276c2f2ad2beea5514e24f6adc5cfaabcb8a7fa5130
results/frozen_runs/PCEPI/PCEPI_20260722_010003_FULL_507/results/boruta_selection_history.csv,1647449,812d21bfa79b51dcb16b52769d26fc94da7a1b54ebb5044e66c01275fa4b7237
results/frozen_runs/PCEPI/PCEPI_20260722_010003_FULL_507/results/boruta_stability_summary.csv,2118,0efd6d93e06c72baa836c58205818c735f0e319d07defb9438be0d45165b516b
results/frozen_runs/PCEPI/PCEPI_20260722_010003_FULL_507/results/cumulative_backtest_accuracy.csv,14353,a6a77662a4312639236c3e5831d3a99ab0f7113a9e02593cd12c6c61a3188129
results/frozen_runs/PCEPI/PCEPI_20260722_010003_FULL_507/results/cumulative_backtest_results.csv,2196202,d4000133ff012695a8479eb97732a8c17c8acd5642d05175e0a41fcc7332cf9b
results/frozen_runs/PCEPI/PCEPI_20260722_010003_FULL_507/results/cumulative_ensemble_weights.csv,565130,38d58f8eec5516ba210b4e653f8f08f0419c4bae55f77e649a4d1fbd8870e62c
results/frozen_runs/PCEPI/PCEPI_20260722_010003_FULL_507/results/cumulative_model_rankings.csv,23216,9d2b9fb19a0459f0e25f72c0bae218f20e4987feda926c58e0748f87eed96bf4
results/frozen_runs/PCEPI/PCEPI_20260722_010003_FULL_507/results/cumulative_relative_accuracy.csv,22819,a5490f069a2ba05fdfc8ca5bae5c63994cc4a7d395b9f40488e0afc1b187dfa3
results/frozen_runs/PCEPI/PCEPI_20260722_010003_FULL_507/results/cumulative_rolling_index.csv,44250,c4db65eae9f795b8eb9f14a50841df93bf29091d9d03537ba4fd728aa5d816e7
results/frozen_runs/PCEPI/PCEPI_20260722_010003_FULL_507/results/dm_test_results.csv,56469,c6578c4f2832565e10b2c7182d953c9b57628ad1fcb4ffb88f6cd8dadfbfa190
results/frozen_runs/PCEPI/PCEPI_20260722_010003_FULL_507/results/ensemble_weights.csv,564842,0d04d9f5b358b8225e2454768f2966ba996c383601eac51529581bafe6de82d0
results/frozen_runs/PCEPI/PCEPI_20260722_010003_FULL_507/results/excluded_variable_summary.csv,329,aa45d0dccb1ee40356f1205178756fe03bd8ca45d027a4afe0758b4949ef71a1
results/frozen_runs/PCEPI/PCEPI_20260722_010003_FULL_507/results/forecast_accuracy.csv,5305,6c8472ed6a7c1777160bedbd85a1eacd901c51bbbbacc07c0dee255c4bba042f
results/frozen_runs/PCEPI/PCEPI_20260722_010003_FULL_507/results/forecast_results.csv,1330776,9f9ab48c23548e3a4a6488a0f1a3ce663945a5fd222f2056483d333e021e01e4
results/frozen_runs/PCEPI/PCEPI_20260722_010003_FULL_507/results/forward_best_models.csv,3158,5c96da3c374b0e385cc9ae8578cb284f086d5cce35ad8db0fd269021897a1d72
results/frozen_runs/PCEPI/PCEPI_20260722_010003_FULL_507/results/forward_ensemble_weights.csv,7252,0dbe7d0af5014a6fcce9c65766f9a77e6830b0d9e8adc927a804724a662fc2cc
results/frozen_runs/PCEPI/PCEPI_20260722_010003_FULL_507/results/forward_forecasts.csv,26111,e20207fdcd76a6f100e4ea64b14499a48d11937d98b5efddeedfbdfdc613414a
results/frozen_runs/PCEPI/PCEPI_20260722_010003_FULL_507/results/gw_test_results.csv,52602,57e7f24e70812538798987184fd2083915d9602851e4f2536434c89b2b45dba0
results/frozen_runs/PCEPI/PCEPI_20260722_010003_FULL_507/results/mcs_audit.csv,58292,366cad12ff7210467702e0b1187c28fa80a39d68ab97d3d80c93d1a3c260d4ea
results/frozen_runs/PCEPI/PCEPI_20260722_010003_FULL_507/results/mcs_audit_summary.csv,1962,acf016fb531c34b4514a27930f7cf15aaf18efc3c63d151b3f6e8494a618c800
results/frozen_runs/PCEPI/PCEPI_20260722_010003_FULL_507/results/metadata_change_summary.csv,39,3854ea9338743e7516ea8a6edf192e8cff02dddfd6fb7980314543da7125aadd
results/frozen_runs/PCEPI/PCEPI_20260722_010003_FULL_507/results/model_confidence_set.csv,48638,8673b6edd5aa884ac1f7a674cf7dcc90e29821008b122defc2c334f484997586
results/frozen_runs/PCEPI/PCEPI_20260722_010003_FULL_507/results/model_confidence_set_summary.csv,3768,acc32777c9ee76951a887eb1188460fc2623e8a337af281ecad54f531dfa44d9
results/frozen_runs/PCEPI/PCEPI_20260722_010003_FULL_507/results/model_rankings.csv,9078,9e2e4d5470a8d48c90dbf778da6ea26f671ab4412d0ef474bee58c728df7a86e
results/frozen_runs/PCEPI/PCEPI_20260722_010003_FULL_507/results/model_registry.csv,507,bf8b82c77d6e1d9c482dae49d450be69fb832de0dd29e789ff3e67072639591f
results/frozen_runs/PCEPI/PCEPI_20260722_010003_FULL_507/results/obsolete_variable_metadata.csv,44,3a1cc923b28f975bd19dce80a3fc90bd8cec6c6b616d4d576666600a5a104e03
results/frozen_runs/PCEPI/PCEPI_20260722_010003_FULL_507/results/pca_em_test_summary.csv,216,740b7487b34b7036f9401ae634d7a34e80238b5a3a24d17968fce6df42a11472
results/frozen_runs/PCEPI/PCEPI_20260722_010003_FULL_507/results/processing_summary.csv,1809,5bf68b6b2280a5b95dfa4c0605194ece2151c9c2f61936b580b4468c3381fbc6
results/frozen_runs/PCEPI/PCEPI_20260722_010003_FULL_507/results/relative_accuracy.csv,8839,6c8859578200ac2a8b36d3df0d46cc6dd8efc001e91d1e325183fc5887719f48
results/frozen_runs/PCEPI/PCEPI_20260722_010003_FULL_507/results/rolling_index.csv,28329,924146439201215e4b621983712e98d91d2c967d5d9d9ad37c84fa444edd9104
results/frozen_runs/PCEPI/PCEPI_20260722_010003_FULL_507/results/rolling_window_test_summary.csv,383,6768da2f92d47e24d1e51619ba6506fa6201c3a8b43d028262361196dead59b2
results/frozen_runs/PCEPI/PCEPI_20260722_010003_FULL_507/results/target_imputation_summary.csv,64,55122fa3abeca77627b2d0a4ddce639151855896c44e360fefe4fc2bda4c787d
results/frozen_runs/PCEPI/PCEPI_20260722_010003_FULL_507/results/training_design_summary.csv,130,ce6f6c3647c1f0f9df036b0b4206da7a6ea0bfbb9076162cc025a7817484ec4b
results/frozen_runs/PCEPI/PCEPI_20260722_010003_FULL_507/results/variable_selection.csv,19828,1496baf0c4687209df023c57c751fbabc0bfb7ad38acb026ff45f3105ea63a3b
results/frozen_runs/PCEPI/PCEPI_20260722_010003_FULL_507/session_info.txt,1636,e736feff9712336c8b7177a093603572cc7c1d57216abfcdf0e5fedb569fa334
results/frozen_runs/PCEPI/PCEPI_20260722_010003_FULL_507/validation_summary.csv,325,386ed8f07deefd475fe95a6973e60f127b7cca2dab9586b56e007afa655c4110
results/frozen_runs/UNRATE/UNRATE_20260722_092406_FULL_161/manifest.csv,1141,f2758acd54c91dd6ee25aff985d05446ee670f1b476d204c6e902e33ccc697b0
results/frozen_runs/UNRATE/UNRATE_20260722_092406_FULL_161/results/boruta_audit_summary.csv,2395,3de84ed8838d160528c02aa94f37509d80cbf543ed290798c6864dd91ac1b771
results/frozen_runs/UNRATE/UNRATE_20260722_092406_FULL_161/results/boruta_feature_stability.csv,133287,a9f2d963d257b07301c5dd0703d26016f8368a4dc79b4c087d3dbb6b8bbb5191
results/frozen_runs/UNRATE/UNRATE_20260722_092406_FULL_161/results/boruta_final_selection.csv,65495,edaa463f83d786ab7889f0f7422252892728722983ea03e7425bdda745799f3f
results/frozen_runs/UNRATE/UNRATE_20260722_092406_FULL_161/results/boruta_predictive_comparison.csv,3303,78736c5fa44601d00e45cea0bf7fafac79d44ce2f905e28f11ce964395d00cd8
results/frozen_runs/UNRATE/UNRATE_20260722_092406_FULL_161/results/boruta_selection_history.csv,954424,dcdc08dac5f3645099b897d85a5590fb68cc20a61872ffb44ff1792646efd759
results/frozen_runs/UNRATE/UNRATE_20260722_092406_FULL_161/results/boruta_stability_summary.csv,1912,31016988db071d2250d2c4ab74315e09513d59c2f5e0cce89a67643a7efe9ed3
results/frozen_runs/UNRATE/UNRATE_20260722_092406_FULL_161/results/cumulative_backtest_accuracy.csv,11037,48c484e96c28c54fdbda85fad5f40019f1b8af48b8886800b4c84217d74f8fa3
results/frozen_runs/UNRATE/UNRATE_20260722_092406_FULL_161/results/cumulative_backtest_results.csv,1967885,0aa0df30a7742c5e323fdb8160a1a25c3af25f405c80270cfd066c406082bfa2
results/frozen_runs/UNRATE/UNRATE_20260722_092406_FULL_161/results/cumulative_ensemble_weights.csv,565268,7ced8029be37131a7400e51893c0de8beb835512812de02dfeb8623f28c2cb99
results/frozen_runs/UNRATE/UNRATE_20260722_092406_FULL_161/results/cumulative_model_rankings.csv,18015,e7d45b1fbdee0c6fa7db53899fe72d3b45526c618500664a091cdd6ad04ec431
results/frozen_runs/UNRATE/UNRATE_20260722_092406_FULL_161/results/cumulative_relative_accuracy.csv,17678,f0949cac49d48842f096e521216d332fd796193562c3bf474fd825448b5a3f86
results/frozen_runs/UNRATE/UNRATE_20260722_092406_FULL_161/results/cumulative_rolling_index.csv,39327,4dfcf26de58b6e3fc7a94a18895da4beb753e97525289363c4761079b2bf88f4
results/frozen_runs/UNRATE/UNRATE_20260722_092406_FULL_161/results/dm_test_results.csv,51701,eaad707dfa915a9df15f0f31741839835e5d68b498d35e831838ef7854d97da3
results/frozen_runs/UNRATE/UNRATE_20260722_092406_FULL_161/results/ensemble_weights.csv,565239,5f9daaf71a37992ea051b2e773549a77daf85aa49f9bd382237bf590140c9b4e
results/frozen_runs/UNRATE/UNRATE_20260722_092406_FULL_161/results/excluded_variable_summary.csv,329,aa45d0dccb1ee40356f1205178756fe03bd8ca45d027a4afe0758b4949ef71a1
results/frozen_runs/UNRATE/UNRATE_20260722_092406_FULL_161/results/forecast_accuracy.csv,5047,5105b7c43ccb21f5f739749676a89a34ca2750306332973432a58d4f824fcb11
results/frozen_runs/UNRATE/UNRATE_20260722_092406_FULL_161/results/forecast_results.csv,1155335,adb696c486f571b73cd07b3a9cb3b427d62efc19e02d12b06efccc101ab198b1
results/frozen_runs/UNRATE/UNRATE_20260722_092406_FULL_161/results/forward_best_models.csv,2316,198207af11de97f471c2873a74a1708e6e1027ba66e4f334fd706f3de3f45f12
results/frozen_runs/UNRATE/UNRATE_20260722_092406_FULL_161/results/forward_ensemble_weights.csv,7257,2e9f48c1ac8841185ab8d29fee284f7ebfae3fb1149e9724cd0eae027427908e
results/frozen_runs/UNRATE/UNRATE_20260722_092406_FULL_161/results/forward_forecasts.csv,22951,c68385b3b04a7cff7bddb969a1866931c2fdc60e320a7b796aedd76761c23ea2
results/frozen_runs/UNRATE/UNRATE_20260722_092406_FULL_161/results/gw_test_results.csv,50196,8515f625454346317d147bd3298d4e2d9231d97627bea6cb2821e58e4f5dda4b
results/frozen_runs/UNRATE/UNRATE_20260722_092406_FULL_161/results/mcs_audit.csv,56897,2a720553994bbc3b5550f8e8f1f13fd3a18db5fa7f4330fa89ddd66955b3a7ce
results/frozen_runs/UNRATE/UNRATE_20260722_092406_FULL_161/results/mcs_audit_summary.csv,1818,ef4b10f428851e9fd097a445ba213b88249e5cc1870107b46c8944b955c898a2
results/frozen_runs/UNRATE/UNRATE_20260722_092406_FULL_161/results/metadata_change_summary.csv,39,3854ea9338743e7516ea8a6edf192e8cff02dddfd6fb7980314543da7125aadd
results/frozen_runs/UNRATE/UNRATE_20260722_092406_FULL_161/results/model_confidence_set.csv,46616,cafe3fc0aaf1b4fba53264d152d2d613f17fe9fca663945703c81f6930aee6d4
results/frozen_runs/UNRATE/UNRATE_20260722_092406_FULL_161/results/model_confidence_set_summary.csv,3632,94783ce177f546c7ad352a8ec92678fabc4fc7c5f9d5b00c7c4a0cc1c1deac2c
results/frozen_runs/UNRATE/UNRATE_20260722_092406_FULL_161/results/model_rankings.csv,8598,0c1f3b5c7b66fe67df8fbb8c622227fdccf27c4ebd6a4202eb15bd687b9b1542
results/frozen_runs/UNRATE/UNRATE_20260722_092406_FULL_161/results/model_registry.csv,507,bf8b82c77d6e1d9c482dae49d450be69fb832de0dd29e789ff3e67072639591f
results/frozen_runs/UNRATE/UNRATE_20260722_092406_FULL_161/results/obsolete_variable_metadata.csv,44,3a1cc923b28f975bd19dce80a3fc90bd8cec6c6b616d4d576666600a5a104e03
results/frozen_runs/UNRATE/UNRATE_20260722_092406_FULL_161/results/pca_em_test_summary.csv,216,740b7487b34b7036f9401ae634d7a34e80238b5a3a24d17968fce6df42a11472
results/frozen_runs/UNRATE/UNRATE_20260722_092406_FULL_161/results/processing_summary.csv,1792,d68c75f8dc5e16743625f8ae1176ce3460111a46edcb71c55a65981bad95cd9c
results/frozen_runs/UNRATE/UNRATE_20260722_092406_FULL_161/results/relative_accuracy.csv,8359,853155ae31acebd878bdbe163b5e9cdd6fa2dc1ded10ab96bd115e554c359b5f
results/frozen_runs/UNRATE/UNRATE_20260722_092406_FULL_161/results/rolling_index.csv,23785,c865ad75e19b9105c6376175509367ac97d3dc549c556443a98df81759357797
results/frozen_runs/UNRATE/UNRATE_20260722_092406_FULL_161/results/rolling_window_test_summary.csv,383,c2f99a7f82b6f32b919a534671f5f37cb67a22a59867c4a94ee8097bd6335141
results/frozen_runs/UNRATE/UNRATE_20260722_092406_FULL_161/results/target_imputation_summary.csv,140,0a9f11beca639f0f20fcdc1638d81e520aa6199f93748323a9bb2a16d94774dc
results/frozen_runs/UNRATE/UNRATE_20260722_092406_FULL_161/results/training_design_summary.csv,130,ce6f6c3647c1f0f9df036b0b4206da7a6ea0bfbb9076162cc025a7817484ec4b
results/frozen_runs/UNRATE/UNRATE_20260722_092406_FULL_161/results/variable_selection.csv,19828,6bf49859e992692e22eab9b884a92ad7db6646bc04e2f802929b6fd832ce4292
results/frozen_runs/UNRATE/UNRATE_20260722_092406_FULL_161/session_info.txt,1636,e736feff9712336c8b7177a093603572cc7c1d57216abfcdf0e5fedb569fa334
results/frozen_runs/UNRATE/UNRATE_20260722_092406_FULL_161/validation_summary.csv,326,9adfbc13ab734a3bdb6a026029d07712229370e266625a4a930b65d60bc02ee6
results/paper_exports/figure_cumulative_loss_data.csv,7621903,2dd155d720cb3b5d538e18fbf53b8623b5dcccb6b879c829b67072b7a4a960f7
results/paper_exports/figure_rolling_rank_data.csv,2275226,297abf46a1d7d96c73506f4f1fe318a19fcb164e4950cab674247bea245794f1
results/paper_exports/paper_export_inventory.csv,1343,c7d1a0f0d9334a0e61630450841e45b4b240291a46e2458df16b543645491fb4
results/paper_exports/table_core_target_registry.csv,2609,d163642e68299a58e5fb3c946fa0dae5787b94a101fe34f5000030e143483c58
results/paper_exports/table_diagnostics_summary.csv,529,636791f5eea657e88a268f465b33fbb057f185760035ef96785530e8714172f8
results/paper_exports/table_headline_accuracy_inference.csv,68701,b73b8546216930a4df469d556fe8880536487e3edbf71fe0cd24bfb97f655d75
results/paper_exports/table_loss_concentration.csv,74017,64743ecb1a246d16fc615bdb4722c10c244829406bb71df3b07a3afa26538771
results/paper_exports/table_model_summary.csv,1196,1cfbc77b20e1fe8fca5b7ff55e0e1e80a99424f901b3fe147a021e6bdab54b3d
results/paper_exports/table_primary_accuracy.csv,45651,4fa7b88028c4e344a16b8230e13304a6023a041a0ec14a1f92173d77fcc8db01
results/paper_exports/table_primary_dm.csv,115853,c608b97c5188c89b106561851898145d8122ac3a1a8e29eb0f55b31c460de3fa
results/paper_exports/table_primary_mcs.csv,104265,67591728cf51f2fdd6bd8fd80840ddb64eed5336777b5d62de53167f9d7ff024
results/paper_exports/table_primary_mcs_summary.csv,7823,99f13a91298349e5ae84d993c4fba9ff2a107cbc52702e0f4d79c228360d7107
results/paper_exports/table_release_manifest.csv,2092,69a2cfcbf9199472196f362b394b254e5449996e4f28bc9f350630953668cf65
results/paper_exports/table_research_protocol.csv,808,603e4759368cb4e7dab3968c9407719b88f1f6b00b311d50def3ac610c1b41da
results/paper_exports/table_rolling_window_winners.csv,116950,0fe3dac9d3226789da01d07590cb465af6c1a7b21cdb29e93fa9b307cbb8a66d
results/paper_exports/table_winner_frequency.csv,19133,f22bcbe41aa0c65ef12e2e823906e578513a7b7d79452e08fb88b8b50b36c74c
results/paper_exports/table_winner_turnover.csv,1436,08609be5cbd4774a1d47630de7e59c7d7f2744534d8e0ffee995307e26d1750e
results/release/SSRN_EXECUTION_SEQUENCE.txt,2310,fdab492ad3cbf0b989d6cbce2f1dfa914ec92116c7f6e587928839b64e723961
results/release/public_release_manifest.csv,686,e548908906c568429a0caa05e0b0340893261d39377bac349832cbb0d76ea3af
results/release/ssrn_release_freeze_summary.csv,254,e1656f3a083ae9869d09be02189c3de92bbe09115575af49103982d36d0001df
results/release/ssrn_release_manifest.csv,2000,6f6a88e74c8526b6d385d5df703728c8c68f315bb7abb396003a7244a13f1a46
results/release/ssrn_release_validation_sanitized.csv,17344,2fb59eb7948f4c83ca4099937400e56e1f71a610bea88b4ef0be88229aa754f1
results/release/ssrn_release_validation_summary.csv,223,a2d1c99bb62e70a77a3d2eda1bbd7918d0a877dade6eb517ffdb4511e2996230
scripts/compare-experiment-runs.R,10629,a56f65a20b570d3a692c147b71248ebaac250c3f99a112b58144dfe839edc031
scripts/experiment-script-utils.R,2270,50f926ea66b2691132aca12bd85658fa565b977ded38c8495794f19748e63b87
scripts/export-ssrn-paper-tables.R,1266,1d44208c4e235b5281f9af3017bcb1789641da93bf6b80e41c1d514ed04f4d5a
scripts/freeze-ssrn-release.R,892,f5e6180e68c06375f91a666ca3ddb167b657aa13a660ad3579ef038ca32f9037
scripts/generate-release-inventory.py,5159,b8b3c78c1bea3b3ba4abdb4e989d02113094aa15cbc7ff8a44d88751a68d194d
scripts/install-replication-packages.R,523,5ec8ee3a43ed0a41cb0dc2dbdabadd6df727d993472ff9842eb7fdef958a78bc
scripts/list-forecast-experiments.R,1670,79876c5819b0640799cbc653b284c83f9635a1dbec78f073c681ab8188c45912
scripts/prepare-fred-md-data.R,1170,c5895339bfe6500f5b5ff28d2d845cb4e292776466d670dbe74605ac3a10e5e4
scripts/rebuild-statistical-results.R,6090,745453c9483111f4849c86e041090959b6759acbeebb160fbfde42f3e6baf5a0
scripts/run-forecast-experiment.R,2813,9402331d090fde9e2b380cf962297dee7d58c7bc79b866431479f7d9a75babd6
scripts/run-ssrn-core-experiments.R,6241,e3efb720883e7fe077d039d319844daaa86c5b0fac043b4033967d7baa7b9afc
scripts/validate-frozen-release.py,8875,274e2f6042192a0f759ccea9d1f50bfc03e24908faf61b2c93a6832a019c1179
scripts/validate-r-environment.R,3983,97049801e00fa1b07c8154e480bb018d6deb54f54ce6221493aa8df972e70cea
scripts/validate-ssrn-release.R,1097,713a14d6477df22ba2047f341afdd3c4e0b0c37c22b5be6305500cb254c7ed60
scripts/verify-public-release.py,6327,1bd38f1798d822decb57180eeb3468e27eb7124aba912657e43ed58103e569e9
